{"version": {"json_export": "187", "page_segmentation": "5", "schema": "1.1.0", "structure": "1.1036.0", "table_structure": "5"}, "extended_metadata": {"ID_instance": "F4 9D CA AB 3A B7 B2 11 0A 00 67 45 8B 6B C6 23 ", "ID_permanent": "44 31 20 45 46 20 42 31 20 41 42 20 33 41 20 42 37 20 42 32 20 31 31 20 30 41 20 30 30 20 36 37 20 34 35 20 38 42 20 36 42 20 43 36 20 32 33 20 ", "pdf_version": "1.6", "pdfa_compliance_level": "", "is_encrypted": false, "has_acroform": false, "is_digitally_signed": false, "pdfua_compliance_level": "", "page_count": 1, "has_embedded_files": false, "is_certified": false, "is_XFA": false, "language": "en-US"}, "elements": [{"Bounds": [76.72799682617188, 734.4232025146484, 171.43968200683594, 743.8782348632812], "ClipBounds": [76.72799682617188, 734.4232025146484, 171.43968200683594, 743.8782348632812], "Font": {"alt_family_name": "Arial", "embedded": true, "encoding": "WinAnsiEncoding", "family_name": "Arial", "font_type": "TrueType", "italic": false, "monospaced": false, "name": "KSIAAT+Arial-BoldMT", "subset": true, "weight": 700}, "HasClip": true, "Lang": "en", "Page": 0, "Path": "//Document/Sect/P", "Text": "NearBy Electronics ", "TextSize": 10.080001831054688, "attributes": {"LineHeight": 12.125}}, {"Bounds": [76.72799682617188, 721.1031951904297, 214.52447509765625, 730.5582427978516], "ClipBounds": [76.72799682617188, 721.1031951904297, 214.52447509765625, 730.5582427978516], "Font": {"alt_family_name": "Arial", "embedded": true, "encoding": "WinAnsiEncoding", "family_name": "Arial MT", "font_type": "TrueType", "italic": false, "monospaced": false, "name": "TQWCWB+ArialMT", "subset": true, "weight": 400}, "HasClip": true, "Page": 0, "Path": "//Document/Sect/P[2]/Sub", "Text": "3741 Glory Road, Jamestown, ", "TextSize": 10.080001831054688, "attributes": {"Placement": "Block"}}, {"Bounds": [76.72799682617188, 708.1132049560547, 155.30166625976562, 717.5682373046875], "ClipBounds": [76.72799682617188, 708.1132049560547, 155.30166625976562, 717.5682373046875], "Font": {"alt_family_name": "Arial", "embedded": true, "encoding": "WinAnsiEncoding", "family_name": "Arial MT", "font_type": "TrueType", "italic": false, "monospaced": false, "name": "TQWCWB+ArialMT", "subset": true, "weight": 400}, "HasClip": true, "Page": 0, "Path": "//Document/Sect/P[2]/Sub[2]", "Text": "Tennessee, USA ", "TextSize": 10.080001831054688, "attributes": {"Placement": "Block"}}, {"Bounds": [76.72799682617188, 694.7931976318359, 107.43167114257812, 704.2482452392578], "ClipBounds": [76.72799682617188, 694.7931976318359, 107.43167114257812, 704.2482452392578], "Font": {"alt_family_name": "Arial", "embedded": true, "encoding": "WinAnsiEncoding", "family_name": "Arial MT", "font_type": "TrueType", "italic": false, "monospaced": false, "name": "TQWCWB+ArialMT", "subset": true, "weight": 400}, "HasClip": true, "Page": 0, "Path": "//Document/Sect/P[2]/Sub[3]", "Text": "38556 ", "TextSize": 10.080001831054688, "attributes": {"Placement": "Block"}}, {"Bounds": [499.99000549316406, 734.4232025146484, 542.9308013916016, 743.8782348632812], "ClipBounds": [499.99000549316406, 734.4232025146484, 542.9308013916016, 743.8782348632812], "Font": {"alt_family_name": "Arial", "embedded": true, "encoding": "WinAnsiEncoding", "family_name": "Arial", "font_type": "TrueType", "italic": false, "monospaced": false, "name": "KSIAAT+Arial-BoldMT", "subset": true, "weight": 700}, "HasClip": true, "Lang": "en", "Page": 0, "Path": "//Document/Sect/P[3]", "Text": "Invoice# ", "TextSize": 10.080001831054688, "attributes": {"LineHeight": 12.125, "TextAlign": "End"}}, {"Bounds": [354.4600067138672, 694.7931976318359, 543.3080749511719, 730.5582427978516], "ClipBounds": [354.4600067138672, 694.7931976318359, 543.3080749511719, 730.5582427978516], "Font": {"alt_family_name": "Arial", "embedded": true, "encoding": "WinAnsiEncoding", "family_name": "Arial MT", "font_type": "TrueType", "italic": false, "monospaced": false, "name": "TQWCWB+ArialMT", "subset": true, "weight": 400}, "HasClip": true, "Lang": "en", "Page": 0, "Path": "//Document/Sect/P[4]", "Text": "AZ09UNDM26BG06WQ2L4HXN3GN03P Issue date 12-05-2023 ", "TextSize": 10.080001831054688, "attributes": {"LineHeight": 13.125, "TextAlign": "End"}}, {"Bounds": [76.72799682617188, 636.5885620117188, 295.7052459716797, 659.9109954833984], "ClipBounds": [76.72799682617188, 636.5885620117188, 295.7052459716797, 659.9109954833984], "Font": {"alt_family_name": "Arial", "embedded": true, "encoding": "WinAnsiEncoding", "family_name": "Arial MT", "font_type": "TrueType", "italic": false, "monospaced": false, "name": "TQWCWB+ArialMT", "subset": true, "weight": 400}, "HasClip": true, "Lang": "en", "Page": 0, "Path": "//Document/Sect/Title", "Text": "NearBy Electronics ", "TextSize": 24.863998413085938, "attributes": {"LineHeight": 29.875, "SpaceAfter": 7}}, {"Bounds": [76.72799682617188, 620.6132049560547, 460.8868713378906, 630.0682373046875], "ClipBounds": [76.72799682617188, 620.6132049560547, 460.8868713378906, 630.0682373046875], "Font": {"alt_family_name": "Arial", "embedded": true, "encoding": "WinAnsiEncoding", "family_name": "Arial MT", "font_type": "TrueType", "italic": false, "monospaced": false, "name": "TQWCWB+ArialMT", "subset": true, "weight": 400}, "HasClip": true, "Lang": "en", "Page": 0, "Path": "//Document/Sect/P[5]", "Text": "We are here to serve you better. Reach out to us in case of any concern or feedbacks. ", "TextSize": 10.080001831054688, "attributes": {"LineHeight": 12.125, "SpaceAfter": 18}}, {"Bounds": [81.04800415039062, 501.7431945800781, 513.0480804443359, 577.1182403564453], "ClipBounds": [81.04800415039062, 501.7431945800781, 513.0480804443359, 577.1182403564453], "Page": 0, "Path": "//Document/Sect/Table", "attributes": {"BBox": [80.99669999999969, 503.89199999999255, 558.2169999999751, 575.4089999999851], "NumCol": 3, "NumRow": 5, "Placement": "Block", "SpaceAfter": 18}}, {"Bounds": [81.04800415039062, 554.6831970214844, 136.81048583984375, 577.1182403564453], "ClipBounds": [81.04800415039062, 554.6831970214844, 136.81048583984375, 577.1182403564453], "Page": 0, "Path": "//Document/Sect/Table/TR/TH", "attributes": {"BBox": [80.99669999999969, 552.8499999999767, 216.59099999999307, 575.4089999999851], "BlockAlign": "Before", "BorderColor": [null, [0, 0, 0], null, [0, 0, 0]], "BorderStyle": ["None", "Solid", "None", "Solid"], "BorderThickness": [0, 1, 0, 1], "ColIndex": 0, "Height": 22.5, "InlineAlign": "Start", "RowIndex": 0, "Width": 135.625}}, {"Bounds": [81.04800415039062, 567.6631927490234, 122.99087524414062, 577.1182403564453], "ClipBounds": [81.04800415039062, 567.6631927490234, 122.99087524414062, 577.1182403564453], "Font": {"alt_family_name": "Arial", "embedded": true, "encoding": "WinAnsiEncoding", "family_name": "Arial", "font_type": "TrueType", "italic": false, "monospaced": false, "name": "KSIAAT+Arial-BoldMT", "subset": true, "weight": 700}, "HasClip": true, "Lang": "en", "Page": 0, "Path": "//Document/Sect/Table/TR/TH/P", "Text": "BILL TO ", "TextSize": 10.080001831054688, "attributes": {"LineHeight": 12.125}}, {"Bounds": [81.04800415039062, 554.6831970214844, 136.81048583984375, 564.1382446289062], "ClipBounds": [81.04800415039062, 554.6831970214844, 136.81048583984375, 564.1382446289062], "Font": {"alt_family_name": "Arial", "embedded": true, "encoding": "WinAnsiEncoding", "family_name": "Arial MT", "font_type": "TrueType", "italic": false, "monospaced": false, "name": "TQWCWB+ArialMT", "subset": true, "weight": 400}, "HasClip": true, "Lang": "en", "Page": 0, "Path": "//Document/Sect/Table/TR/TH/P[2]", "Text": "Terri Ernser ", "TextSize": 10.080001831054688, "attributes": {"LineHeight": 12.125}}, {"Bounds": [240.25999450683594, 554.6831970214844, 371.3201599121094, 577.1182403564453], "ClipBounds": [240.25999450683594, 554.6831970214844, 371.3201599121094, 577.1182403564453], "Page": 0, "Path": "//Document/Sect/Table/TR/TH[2]", "attributes": {"BBox": [216.59099999999307, 552.8499999999767, 389.62399999999616, 575.4089999999851], "BlockAlign": "Before", "BorderColor": [null, [0, 0, 0], [0, 0, 0], [0, 0, 0]], "BorderStyle": ["None", "Solid", "Solid", "Solid"], "BorderThickness": [0, 1, 1, 1], "ColIndex": 1, "Height": 22.5, "InlineAlign": "Start", "RowIndex": 0, "Width": 173}}, {"Bounds": [240.25999450683594, 567.6631927490234, 286.1240692138672, 577.1182403564453], "ClipBounds": [240.25999450683594, 567.6631927490234, 286.1240692138672, 577.1182403564453], "Font": {"alt_family_name": "Arial", "embedded": true, "encoding": "WinAnsiEncoding", "family_name": "Arial", "font_type": "TrueType", "italic": false, "monospaced": false, "name": "KSIAAT+Arial-BoldMT", "subset": true, "weight": 700}, "HasClip": true, "Lang": "en", "Page": 0, "Path": "//Document/Sect/Table/TR/TH[2]/P", "Text": "DETAILS ", "TextSize": 10.080001831054688, "attributes": {"LineHeight": 12.125}}, {"Bounds": [240.25999450683594, 554.6831970214844, 371.3201599121094, 564.1382446289062], "ClipBounds": [240.25999450683594, 554.6831970214844, 371.3201599121094, 564.1382446289062], "Font": {"alt_family_name": "Arial", "embedded": true, "encoding": "WinAnsiEncoding", "family_name": "Arial MT", "font_type": "TrueType", "italic": false, "monospaced": false, "name": "TQWCWB+ArialMT", "subset": true, "weight": 400}, "HasClip": true, "Lang": "en", "Page": 0, "Path": "//Document/Sect/Table/TR/TH[2]/P[2]", "Text": "ea exercitation ullamco mollit ", "TextSize": 10.080001831054688, "attributes": {"LineHeight": 12.125}}, {"Bounds": [412.8000030517578, 554.6831970214844, 513.0480804443359, 577.1182403564453], "ClipBounds": [412.8000030517578, 554.6831970214844, 513.0480804443359, 577.1182403564453], "Page": 0, "Path": "//Document/Sect/Table/TR/TH[3]", "attributes": {"BBox": [389.62399999999616, 552.8499999999767, 558.2169999999751, 575.4089999999851], "BlockAlign": "Before", "BorderColor": [null, [0, 0, 0], [0, 0, 0], null], "BorderStyle": ["None", "Solid", "Solid", "None"], "BorderThickness": [0, 1, 1, 0], "ColIndex": 2, "Height": 22.5, "InlineAlign": "Start", "RowIndex": 0, "Width": 168.625}}, {"Bounds": [412.8000030517578, 567.6631927490234, 464.58103942871094, 577.1182403564453], "ClipBounds": [412.8000030517578, 567.6631927490234, 464.58103942871094, 577.1182403564453], "Font": {"alt_family_name": "Arial", "embedded": true, "encoding": "WinAnsiEncoding", "family_name": "Arial", "font_type": "TrueType", "italic": false, "monospaced": false, "name": "KSIAAT+Arial-BoldMT", "subset": true, "weight": 700}, "HasClip": true, "Lang": "en", "Page": 0, "Path": "//Document/Sect/Table/TR/TH[3]/P", "Text": "PAYMENT ", "TextSize": 10.080001831054688, "attributes": {"LineHeight": 12.125}}, {"Bounds": [412.8000030517578, 554.6831970214844, 513.0480804443359, 564.1382446289062], "ClipBounds": [412.8000030517578, 554.6831970214844, 513.0480804443359, 564.1382446289062], "Font": {"alt_family_name": "Arial", "embedded": true, "encoding": "WinAnsiEncoding", "family_name": "Arial MT", "font_type": "TrueType", "italic": false, "monospaced": false, "name": "TQWCWB+ArialMT", "subset": true, "weight": 400}, "HasClip": true, "Lang": "en", "Page": 0, "Path": "//Document/Sect/Table/TR/TH[3]/P[2]", "Text": "Due date: 02-07-2023 ", "TextSize": 10.080001831054688, "attributes": {"LineHeight": 12.125}}, {"Bounds": [81.04800415039062, 541.3632049560547, 195.8188018798828, 550.8182373046875], "ClipBounds": [81.04800415039062, 541.3632049560547, 195.8188018798828, 550.8182373046875], "Page": 0, "Path": "//Document/Sect/Table/TR[2]/TD", "attributes": {"BBox": [80.99669999999969, 539.5299999999988, 216.59099999999307, 552.8499999999767], "BlockAlign": "Middle", "BorderColor": [[0, 0, 0], [0, 0, 0], null, [0, 0, 0]], "BorderStyle": ["Solid", "Solid", "None", "Solid"], "BorderThickness": [1, 1, 0, 1], "ColIndex": 0, "Height": 13.375, "InlineAlign": "Start", "RowIndex": 1, "Width": 135.625}}, {"Bounds": [81.04800415039062, 541.3632049560547, 195.8188018798828, 550.8182373046875], "ClipBounds": [81.04800415039062, 541.3632049560547, 195.8188018798828, 550.8182373046875], "Font": {"alt_family_name": "Arial", "embedded": true, "encoding": "WinAnsiEncoding", "family_name": "Arial MT", "font_type": "TrueType", "italic": false, "monospaced": false, "name": "TQWCWB+ArialMT", "subset": true, "weight": 400}, "HasClip": true, "Lang": "en", "Page": 0, "Path": "//Document/Sect/Table/TR[2]/TD/P", "Text": "Terri.Ernser@yahoo.com ", "TextSize": 10.080001831054688, "attributes": {"LineHeight": 12.125}}, {"Bounds": [240.25999450683594, 541.3632049560547, 371.5317687988281, 550.8182373046875], "ClipBounds": [240.25999450683594, 541.3632049560547, 371.5317687988281, 550.8182373046875], "Page": 0, "Path": "//Document/Sect/Table/TR[2]/TD[2]", "attributes": {"BBox": [216.59099999999307, 539.5299999999988, 389.62399999999616, 552.8499999999767], "BlockAlign": "Middle", "BorderColor": [0, 0, 0], "BorderStyle": "Solid", "BorderThickness": 1, "ColIndex": 1, "Height": 13.375, "InlineAlign": "Start", "RowIndex": 1, "Width": 173}}, {"Bounds": [240.25999450683594, 541.3632049560547, 371.5317687988281, 550.8182373046875], "ClipBounds": [240.25999450683594, 541.3632049560547, 371.5317687988281, 550.8182373046875], "Font": {"alt_family_name": "Arial", "embedded": true, "encoding": "WinAnsiEncoding", "family_name": "Arial MT", "font_type": "TrueType", "italic": false, "monospaced": false, "name": "TQWCWB+ArialMT", "subset": true, "weight": 400}, "HasClip": true, "Lang": "no", "Page": 0, "Path": "//Document/Sect/Table/TR[2]/TD[2]/P", "Text": "incididunt magna in ut Lorem ", "TextSize": 10.080001831054688, "attributes": {"LineHeight": 12.125}}, {"Path": "//Document/Sect/Table/TR[2]/TD[3]", "attributes": {"BBox": [389.62399999999616, 539.5299999999988, 558.2169999999751, 552.8499999999767], "BlockAlign": "Before", "BorderColor": [[0, 0, 0], [0, 0, 0], [0, 0, 0], null], "BorderStyle": ["Solid", "Solid", "Solid", "None"], "BorderThickness": [1, 1, 1, 0], "ColIndex": 2, "Height": 13.375, "InlineAlign": "Start", "RowIndex": 1, "Width": 168.625}}, {"Bounds": [81.04800415039062, 528.0431976318359, 146.34808349609375, 537.4982452392578], "ClipBounds": [81.04800415039062, 528.0431976318359, 146.34808349609375, 537.4982452392578], "Page": 0, "Path": "//Document/Sect/Table/TR[3]/TD", "attributes": {"BBox": [80.99669999999969, 523.2109999999811, 216.59099999999307, 539.5299999999988], "BlockAlign": "Before", "BorderColor": [[0, 0, 0], [0, 0, 0], null, [0, 0, 0]], "BorderStyle": ["Solid", "Solid", "None", "Solid"], "BorderThickness": [1, 1, 0, 1], "ColIndex": 0, "Height": 16.375, "InlineAlign": "Start", "RowIndex": 2, "Width": 135.625}}, {"Bounds": [81.04800415039062, 528.0431976318359, 146.34808349609375, 537.4982452392578], "ClipBounds": [81.04800415039062, 528.0431976318359, 146.34808349609375, 537.4982452392578], "Font": {"alt_family_name": "Arial", "embedded": true, "encoding": "WinAnsiEncoding", "family_name": "Arial MT", "font_type": "TrueType", "italic": false, "monospaced": false, "name": "TQWCWB+ArialMT", "subset": true, "weight": 400}, "HasClip": true, "Lang": "en", "Page": 0, "Path": "//Document/Sect/Table/TR[3]/TD/P", "Text": "415-897-1517 ", "TextSize": 10.080001831054688, "attributes": {"LineHeight": 12.125}}, {"Bounds": [240.25999450683594, 528.0431976318359, 368.7598419189453, 537.4982452392578], "ClipBounds": [240.25999450683594, 528.0431976318359, 368.7598419189453, 537.4982452392578], "Page": 0, "Path": "//Document/Sect/Table/TR[3]/TD[2]", "attributes": {"BBox": [216.59099999999307, 523.2109999999811, 389.62399999999616, 539.5299999999988], "BlockAlign": "Before", "BorderColor": [0, 0, 0], "BorderStyle": "Solid", "BorderThickness": 1, "ColIndex": 1, "Height": 16.375, "InlineAlign": "Start", "RowIndex": 2, "Width": 173}}, {"Bounds": [240.25999450683594, 528.0431976318359, 368.7598419189453, 537.4982452392578], "ClipBounds": [240.25999450683594, 528.0431976318359, 368.7598419189453, 537.4982452392578], "Font": {"alt_family_name": "Arial", "embedded": true, "encoding": "WinAnsiEncoding", "family_name": "Arial MT", "font_type": "TrueType", "italic": false, "monospaced": false, "name": "TQWCWB+ArialMT", "subset": true, "weight": 400}, "HasClip": true, "Lang": "en", "Page": 0, "Path": "//Document/Sect/Table/TR[3]/TD[2]/P", "Text": "irure officia veniam aute non ", "TextSize": 10.080001831054688, "attributes": {"LineHeight": 12.125}}, {"Bounds": [410.63999938964844, 522.056396484375, 453.7554016113281, 532.5244750976562], "ClipBounds": [410.63999938964844, 522.056396484375, 453.7554016113281, 532.5244750976562], "Page": 0, "Path": "//Document/Sect/Table/TR[3]/TD[3]", "attributes": {"BBox": [389.62399999999616, 523.2109999999811, 558.2169999999751, 539.5299999999988], "BlockAlign": "After", "BorderColor": [[0, 0, 0], [0, 0, 0], [0, 0, 0], null], "BorderStyle": ["Solid", "Solid", "Solid", "None"], "BorderThickness": [1, 1, 1, 0], "ColIndex": 2, "Height": 16.375, "InlineAlign": "Start", "RowIndex": 2, "Width": 168.625}}, {"Bounds": [410.63999938964844, 522.056396484375, 453.7554016113281, 532.5244750976562], "ClipBounds": [410.63999938964844, 522.056396484375, 453.7554016113281, 532.5244750976562], "Font": {"alt_family_name": "Arial", "embedded": true, "encoding": "WinAnsiEncoding", "family_name": "Arial", "font_type": "TrueType", "italic": false, "monospaced": false, "name": "KSIAAT+Arial-BoldMT", "subset": true, "weight": 700}, "HasClip": true, "Lang": "en", "Page": 0, "Path": "//Document/Sect/Table/TR[3]/TD[3]/P", "Text": "$4038.1 ", "TextSize": 11.160003662109375, "attributes": {"LineHeight": 13.375}}, {"Bounds": [81.04800415039062, 514.7232055664062, 159.7123260498047, 524.1782379150391], "ClipBounds": [81.04800415039062, 514.7232055664062, 159.7123260498047, 524.1782379150391], "Page": 0, "Path": "//Document/Sect/Table/TR[4]/TD", "attributes": {"BBox": [80.99669999999969, 513.0109999999986, 216.59099999999307, 523.2109999999811], "BlockAlign": "Before", "BorderColor": [[0, 0, 0], [0, 0, 0], null, [0, 0, 0]], "BorderStyle": ["Solid", "Solid", "None", "Solid"], "BorderThickness": [1, 1, 0, 1], "ColIndex": 0, "Height": 10.25, "InlineAlign": "Start", "RowIndex": 3, "Width": 135.625}}, {"Bounds": [81.04800415039062, 514.7232055664062, 159.7123260498047, 524.1782379150391], "ClipBounds": [81.04800415039062, 514.7232055664062, 159.7123260498047, 524.1782379150391], "Font": {"alt_family_name": "Arial", "embedded": true, "encoding": "WinAnsiEncoding", "family_name": "Arial MT", "font_type": "TrueType", "italic": false, "monospaced": false, "name": "TQWCWB+ArialMT", "subset": true, "weight": 400}, "HasClip": true, "Lang": "en", "Page": 0, "Path": "//Document/Sect/Table/TR[4]/TD/P", "Text": "231 Jayne Fields ", "TextSize": 10.080001831054688, "attributes": {"LineHeight": 12.125}}, {"Bounds": [240.25999450683594, 514.7232055664062, 291.3756103515625, 524.1782379150391], "ClipBounds": [240.25999450683594, 514.7232055664062, 291.3756103515625, 524.1782379150391], "Page": 0, "Path": "//Document/Sect/Table/TR[4]/TD[2]", "attributes": {"BBox": [216.59099999999307, 513.0109999999986, 389.62399999999616, 523.2109999999811], "BlockAlign": "Before", "BorderColor": [0, 0, 0], "BorderStyle": "Solid", "BorderThickness": 1, "ColIndex": 1, "Height": 10.25, "InlineAlign": "Start", "RowIndex": 3, "Width": 173}}, {"Bounds": [240.25999450683594, 514.7232055664062, 291.3756103515625, 524.1782379150391], "ClipBounds": [240.25999450683594, 514.7232055664062, 291.3756103515625, 524.1782379150391], "Font": {"alt_family_name": "Arial", "embedded": true, "encoding": "WinAnsiEncoding", "family_name": "Arial MT", "font_type": "TrueType", "italic": false, "monospaced": false, "name": "TQWCWB+ArialMT", "subset": true, "weight": 400}, "HasClip": true, "Lang": "en", "Page": 0, "Path": "//Document/Sect/Table/TR[4]/TD[2]/P", "Text": "sunt minim ", "TextSize": 10.080001831054688, "attributes": {"LineHeight": 12.125}}, {"Path": "//Document/Sect/Table/TR[4]/TD[3]", "attributes": {"BBox": [389.62399999999616, 513.0109999999986, 558.2169999999751, 523.2109999999811], "BackgroundColor": [1, 1, 0.9921569999999917], "BlockAlign": "Before", "BorderColor": [[0, 0, 0], [0, 0, 0], [0, 0, 0], null], "BorderStyle": ["Solid", "Solid", "Solid", "None"], "BorderThickness": [1, 1, 1, 0], "ColIndex": 2, "Height": 10.25, "InlineAlign": "Start", "RowIndex": 3, "Width": 168.625}}, {"Bounds": [81.04800415039062, 501.7431945800781, 121.09584045410156, 511.1982421875], "ClipBounds": [81.04800415039062, 501.7431945800781, 121.09584045410156, 511.1982421875], "Page": 0, "Path": "//Document/Sect/Table/TR[5]/TD", "attributes": {"BBox": [80.99669999999969, 503.89199999999255, 216.59099999999307, 513.0109999999986], "BlockAlign": "After", "BorderColor": [[0, 0, 0], null, null, [0, 0, 0]], "BorderStyle": ["Solid", "None", "None", "Solid"], "BorderThickness": [1, 0, 0, 1], "ColIndex": 0, "Height": 9.125, "InlineAlign": "Start", "RowIndex": 4, "Width": 135.625}}, {"Bounds": [81.04800415039062, 501.7431945800781, 121.09584045410156, 511.1982421875], "ClipBounds": [81.04800415039062, 501.7431945800781, 121.09584045410156, 511.1982421875], "Font": {"alt_family_name": "Arial", "embedded": true, "encoding": "WinAnsiEncoding", "family_name": "Arial MT", "font_type": "TrueType", "italic": false, "monospaced": false, "name": "TQWCWB+ArialMT", "subset": true, "weight": 400}, "HasClip": true, "Lang": "en", "Page": 0, "Path": "//Document/Sect/Table/TR[5]/TD/P", "Text": "Mwanza ", "TextSize": 10.080001831054688, "attributes": {"LineHeight": 12.125}}, {"Path": "//Document/Sect/Table/TR[5]/TD[2]", "attributes": {"BBox": [216.59099999999307, 503.89199999999255, 389.62399999999616, 513.0109999999986], "BlockAlign": "Before", "BorderColor": [[0, 0, 0], null, [0, 0, 0], [0, 0, 0]], "BorderStyle": ["Solid", "None", "Solid", "Solid"], "BorderThickness": [1, 0, 1, 1], "ColIndex": 1, "Height": 9.125, "InlineAlign": "Start", "RowIndex": 4, "Width": 173}}, {"Path": "//Document/Sect/Table/TR[5]/TD[3]", "attributes": {"BBox": [389.62399999999616, 503.89199999999255, 558.2169999999751, 513.0109999999986], "BlockAlign": "Before", "BorderColor": [[0, 0, 0], null, [0, 0, 0], null], "BorderStyle": ["Solid", "None", "Solid", "None"], "BorderThickness": [1, 0, 1, 0], "ColIndex": 2, "Height": 9.125, "InlineAlign": "Start", "RowIndex": 4, "Width": 168.625}}, {"Bounds": [77.447998046875, 430.0731964111328, 530.1510314941406, 439.5282440185547], "ClipBounds": [77.447998046875, 430.0731964111328, 530.1510314941406, 439.5282440185547], "Page": 0, "Path": "//Document/Sect/Table[2]", "attributes": {"BBox": [71.99709999999686, 414.8549999999959, 540.9379999999946, 447.61399999998685], "NumCol": 4, "NumRow": 2, "Placement": "Block", "SpaceAfter": 18}}, {"Bounds": [77.447998046875, 430.0731964111328, 104.47239685058594, 439.5282440185547], "ClipBounds": [77.447998046875, 430.0731964111328, 104.47239685058594, 439.5282440185547], "Page": 0, "Path": "//Document/Sect/Table[2]/TR/TD", "attributes": {"BBox": [71.5170999999973, 423.8549999999959, 358.42499999998836, 447.61399999998685], "BlockAlign": "Middle", "BorderColor": [0, 0, 0], "BorderStyle": "Solid", "BorderThickness": [0.625, 0.25, 0.5, 0.25], "ColIndex": 0, "Height": 23.75, "InlineAlign": "Start", "RowIndex": 0, "Width": 286.875}}, {"Bounds": [77.447998046875, 430.0731964111328, 104.47239685058594, 439.5282440185547], "ClipBounds": [77.447998046875, 430.0731964111328, 104.47239685058594, 439.5282440185547], "Font": {"alt_family_name": "Arial", "embedded": true, "encoding": "WinAnsiEncoding", "family_name": "Arial", "font_type": "TrueType", "italic": false, "monospaced": false, "name": "KSIAAT+Arial-BoldMT", "subset": true, "weight": 700}, "HasClip": true, "Lang": "en", "Page": 0, "Path": "//Document/Sect/Table[2]/TR/TD/P", "Text": "ITEM ", "TextSize": 10.080001831054688, "attributes": {"LineHeight": 12.125}}, {"Bounds": [363.1000061035156, 430.0731964111328, 386.6570281982422, 439.5282440185547], "ClipBounds": [363.1000061035156, 430.0731964111328, 386.6570281982422, 439.5282440185547], "Page": 0, "Path": "//Document/Sect/Table[2]/TR/TD[2]", "attributes": {"BBox": [357.94499999999243, 423.8549999999959, 415.6629999999859, 447.61399999998685], "BlockAlign": "Middle", "BorderColor": [0, 0, 0], "BorderStyle": "Solid", "BorderThickness": [0.625, 0.25, 0.25, 0.25], "ColIndex": 1, "Height": 23.75, "InlineAlign": "Start", "RowIndex": 0, "Width": 57.75}}, {"Bounds": [363.1000061035156, 430.0731964111328, 386.6570281982422, 439.5282440185547], "ClipBounds": [363.1000061035156, 430.0731964111328, 386.6570281982422, 439.5282440185547], "Font": {"alt_family_name": "Arial", "embedded": true, "encoding": "WinAnsiEncoding", "family_name": "Arial", "font_type": "TrueType", "italic": false, "monospaced": false, "name": "KSIAAT+Arial-BoldMT", "subset": true, "weight": 700}, "HasClip": true, "Lang": "en", "Page": 0, "Path": "//Document/Sect/Table[2]/TR/TD[2]/P", "Text": "QTY ", "TextSize": 10.080001831054688, "attributes": {"LineHeight": 12.125}}, {"Bounds": [420.3800048828125, 430.0731964111328, 450.7712707519531, 439.5282440185547], "ClipBounds": [420.3800048828125, 430.0731964111328, 450.7712707519531, 439.5282440185547], "Page": 0, "Path": "//Document/Sect/Table[2]/TR/TD[3]", "attributes": {"BBox": [415.18299999999, 423.8549999999959, 478.6609999999928, 447.61399999998685], "BlockAlign": "Middle", "BorderColor": [0, 0, 0], "BorderStyle": "Solid", "BorderThickness": [0.625, 0.25, 0.25, 0.25], "ColIndex": 2, "Height": 23.75, "InlineAlign": "Start", "RowIndex": 0, "Width": 63.5}}, {"Bounds": [420.3800048828125, 430.0731964111328, 450.7712707519531, 439.5282440185547], "ClipBounds": [420.3800048828125, 430.0731964111328, 450.7712707519531, 439.5282440185547], "Font": {"alt_family_name": "Arial", "embedded": true, "encoding": "WinAnsiEncoding", "family_name": "Arial", "font_type": "TrueType", "italic": false, "monospaced": false, "name": "KSIAAT+Arial-BoldMT", "subset": true, "weight": 700}, "HasClip": true, "Lang": "en", "Page": 0, "Path": "//Document/Sect/Table[2]/TR/TD[3]/P", "Text": "RATE ", "TextSize": 10.080001831054688, "attributes": {"LineHeight": 12.125}}, {"Bounds": [483.4100036621094, 430.0731964111328, 530.1510314941406, 439.5282440185547], "ClipBounds": [483.4100036621094, 430.0731964111328, 530.1510314941406, 439.5282440185547], "Page": 0, "Path": "//Document/Sect/Table[2]/TR/TD[4]", "attributes": {"BBox": [478.18099999999686, 423.8549999999959, 541.417999999976, 447.61399999998685], "BlockAlign": "Middle", "BorderColor": [0, 0, 0], "BorderStyle": "Solid", "BorderThickness": [0.625, 0.25, 0.25, 0.5], "ColIndex": 3, "Height": 23.75, "InlineAlign": "Start", "RowIndex": 0, "Width": 63.25}}, {"Bounds": [483.4100036621094, 430.0731964111328, 530.1510314941406, 439.5282440185547], "ClipBounds": [483.4100036621094, 430.0731964111328, 530.1510314941406, 439.5282440185547], "Font": {"alt_family_name": "Arial", "embedded": true, "encoding": "WinAnsiEncoding", "family_name": "Arial", "font_type": "TrueType", "italic": false, "monospaced": false, "name": "KSIAAT+Arial-BoldMT", "subset": true, "weight": 700}, "HasClip": true, "Lang": "en", "Page": 0, "Path": "//Document/Sect/Table[2]/TR/TD[4]/P", "Text": "AMOUNT ", "TextSize": 10.080001831054688, "attributes": {"LineHeight": 12.125}}, {"Path": "//Document/Sect/Table[2]/TR[2]/TD", "attributes": {"BBox": [71.99709999999686, 414.0149999999994, 540.9379999999946, 424.4549999999872], "BlockAlign": "Before", "BorderColor": [[0, 0, 0], [0.6235349999999755, 0.6235349999999755, 0.6235349999999755], null, null], "BorderStyle": ["Solid", "Solid", "None", "None"], "BorderThickness": [0.25, 0.875, 0, 0], "ColIndex": 0, "ColSpan": 4, "Height": 10.5, "InlineAlign": "Start", "RowIndex": 1, "Width": 469}}, {"Bounds": [77.447998046875, 327.0632019042969, 517.7280731201172, 403.50823974609375], "ClipBounds": [77.447998046875, 327.0632019042969, 517.7280731201172, 403.50823974609375], "Page": 0, "Path": "//Document/Sect/Table[3]", "attributes": {"BBox": [71.5170999999973, 309.85999999998603, 540.9379999999946, 411.97499999999127], "NumCol": 4, "NumRow": 3, "Placement": "Block", "SpaceAfter": 18}}, {"Bounds": [77.447998046875, 394.05320739746094, 163.1783905029297, 403.50823974609375], "ClipBounds": [77.447998046875, 394.05320739746094, 163.1783905029297, 403.50823974609375], "Page": 0, "Path": "//Document/Sect/Table[3]/TR/TD", "attributes": {"BBox": [71.5170999999973, 377.05699999998615, 359.5049999999901, 411.97499999999127], "BlockAlign": "Before", "BorderColor": [0, 0, 0], "BorderStyle": "Solid", "BorderThickness": [0.625, 0.25, 0.5, 0.25], "ColIndex": 0, "Height": 34.875, "InlineAlign": "Start", "RowIndex": 0, "Width": 288}}, {"Bounds": [77.447998046875, 394.05320739746094, 163.1783905029297, 403.50823974609375], "ClipBounds": [77.447998046875, 394.05320739746094, 163.1783905029297, 403.50823974609375], "Font": {"alt_family_name": "Arial", "embedded": true, "encoding": "WinAnsiEncoding", "family_name": "Arial MT", "font_type": "TrueType", "italic": false, "monospaced": false, "name": "TQWCWB+ArialMT", "subset": true, "weight": 400}, "HasClip": true, "Lang": "en", "Page": 0, "Path": "//Document/Sect/Table[3]/TR/TD/P", "Text": "Sleek Rubber Bike ", "TextSize": 10.080001831054688, "attributes": {"LineHeight": 12.125}}, {"Bounds": [363.82000732421875, 394.05320739746094, 378.3000030517578, 403.50823974609375], "ClipBounds": [363.82000732421875, 394.05320739746094, 378.3000030517578, 403.50823974609375], "Page": 0, "Path": "//Document/Sect/Table[3]/TR/TD[2]", "attributes": {"BBox": [359.0249999999942, 377.05699999998615, 415.6629999999859, 411.97499999999127], "BlockAlign": "Before", "BorderColor": [0, 0, 0], "BorderStyle": "Solid", "BorderThickness": [0.625, 0.25, 0.25, 0.25], "ColIndex": 1, "Height": 34.875, "InlineAlign": "Start", "RowIndex": 0, "Width": 56.625}}, {"Bounds": [363.82000732421875, 394.05320739746094, 378.3000030517578, 403.50823974609375], "ClipBounds": [363.82000732421875, 394.05320739746094, 378.3000030517578, 403.50823974609375], "Font": {"alt_family_name": "Arial", "embedded": true, "encoding": "WinAnsiEncoding", "family_name": "Arial MT", "font_type": "TrueType", "italic": false, "monospaced": false, "name": "TQWCWB+ArialMT", "subset": true, "weight": 400}, "HasClip": true, "Lang": "en", "Page": 0, "Path": "//Document/Sect/Table[3]/TR/TD[2]/P", "Text": "27 ", "TextSize": 10.080001831054688, "attributes": {"LineHeight": 12.125}}, {"Bounds": [420.3800048828125, 394.05320739746094, 434.86000061035156, 403.50823974609375], "ClipBounds": [420.3800048828125, 394.05320739746094, 434.86000061035156, 403.50823974609375], "Page": 0, "Path": "//Document/Sect/Table[3]/TR/TD[3]", "attributes": {"BBox": [415.18299999999, 377.05699999998615, 482.25999999999476, 411.97499999999127], "BlockAlign": "Before", "BorderColor": [0, 0, 0], "BorderStyle": "Solid", "BorderThickness": [0.625, 0.25, 0.25, 0.25], "ColIndex": 2, "Height": 34.875, "InlineAlign": "Start", "RowIndex": 0, "Width": 67.125}}, {"Bounds": [420.3800048828125, 394.05320739746094, 434.86000061035156, 403.50823974609375], "ClipBounds": [420.3800048828125, 394.05320739746094, 434.86000061035156, 403.50823974609375], "Font": {"alt_family_name": "Arial", "embedded": true, "encoding": "WinAnsiEncoding", "family_name": "Arial MT", "font_type": "TrueType", "italic": false, "monospaced": false, "name": "TQWCWB+ArialMT", "subset": true, "weight": 400}, "HasClip": true, "Lang": "en", "Page": 0, "Path": "//Document/Sect/Table[3]/TR/TD[3]/P", "Text": "51 ", "TextSize": 10.080001831054688, "attributes": {"LineHeight": 12.125}}, {"Bounds": [487.00999450683594, 394.05320739746094, 517.7280731201172, 403.50823974609375], "ClipBounds": [487.00999450683594, 394.05320739746094, 517.7280731201172, 403.50823974609375], "Page": 0, "Path": "//Document/Sect/Table[3]/TR/TD[4]", "attributes": {"BBox": [481.77999999999884, 377.05699999998615, 541.417999999976, 411.97499999999127], "BlockAlign": "Before", "BorderColor": [0, 0, 0], "BorderStyle": "Solid", "BorderThickness": [0.625, 0.25, 0.25, 0.5], "ColIndex": 3, "Height": 34.875, "InlineAlign": "Start", "RowIndex": 0, "Width": 59.625}}, {"Bounds": [487.00999450683594, 394.05320739746094, 517.7280731201172, 403.50823974609375], "ClipBounds": [487.00999450683594, 394.05320739746094, 517.7280731201172, 403.50823974609375], "Font": {"alt_family_name": "Arial", "embedded": true, "encoding": "WinAnsiEncoding", "family_name": "Arial MT", "font_type": "TrueType", "italic": false, "monospaced": false, "name": "TQWCWB+ArialMT", "subset": true, "weight": 400}, "HasClip": true, "Lang": "en", "Page": 0, "Path": "//Document/Sect/Table[3]/TR/TD[4]/P", "Text": "$1377 ", "TextSize": 10.080001831054688, "attributes": {"LineHeight": 12.125}}, {"Bounds": [77.447998046875, 360.5731964111328, 159.21694946289062, 370.0282440185547], "ClipBounds": [77.447998046875, 360.5731964111328, 159.21694946289062, 370.0282440185547], "Page": 0, "Path": "//Document/Sect/Table[3]/TR[2]/TD", "attributes": {"BBox": [71.5170999999973, 343.57799999999406, 359.5049999999901, 377.5369999999966], "BlockAlign": "Before", "BorderColor": [0, 0, 0], "BorderStyle": "Solid", "BorderThickness": [0.25, 0.25, 0.5, 0.25], "ColIndex": 0, "Height": 34, "InlineAlign": "Start", "RowIndex": 1, "Width": 288}}, {"Bounds": [77.447998046875, 360.5731964111328, 159.21694946289062, 370.0282440185547], "ClipBounds": [77.447998046875, 360.5731964111328, 159.21694946289062, 370.0282440185547], "Font": {"alt_family_name": "Arial", "embedded": true, "encoding": "WinAnsiEncoding", "family_name": "Arial MT", "font_type": "TrueType", "italic": false, "monospaced": false, "name": "TQWCWB+ArialMT", "subset": true, "weight": 400}, "HasClip": true, "Lang": "en", "Page": 0, "Path": "//Document/Sect/Table[3]/TR[2]/TD/P", "Text": "Rustic Steel Tuna ", "TextSize": 10.080001831054688, "attributes": {"LineHeight": 12.125}}, {"Bounds": [363.82000732421875, 360.5731964111328, 378.3000030517578, 370.0282440185547], "ClipBounds": [363.82000732421875, 360.5731964111328, 378.3000030517578, 370.0282440185547], "Page": 0, "Path": "//Document/Sect/Table[3]/TR[2]/TD[2]", "attributes": {"BBox": [359.0249999999942, 343.57799999999406, 415.6629999999859, 377.5369999999966], "BlockAlign": "Before", "BorderColor": [0, 0, 0], "BorderStyle": "Solid", "BorderThickness": 0.25, "ColIndex": 1, "Height": 34, "InlineAlign": "Start", "RowIndex": 1, "Width": 56.625}}, {"Bounds": [363.82000732421875, 360.5731964111328, 378.3000030517578, 370.0282440185547], "ClipBounds": [363.82000732421875, 360.5731964111328, 378.3000030517578, 370.0282440185547], "Font": {"alt_family_name": "Arial", "embedded": true, "encoding": "WinAnsiEncoding", "family_name": "Arial MT", "font_type": "TrueType", "italic": false, "monospaced": false, "name": "TQWCWB+ArialMT", "subset": true, "weight": 400}, "HasClip": true, "Lang": "en", "Page": 0, "Path": "//Document/Sect/Table[3]/TR[2]/TD[2]/P", "Text": "12 ", "TextSize": 10.080001831054688, "attributes": {"LineHeight": 12.125}}, {"Bounds": [420.3800048828125, 360.5731964111328, 434.86000061035156, 370.0282440185547], "ClipBounds": [420.3800048828125, 360.5731964111328, 434.86000061035156, 370.0282440185547], "Page": 0, "Path": "//Document/Sect/Table[3]/TR[2]/TD[3]", "attributes": {"BBox": [415.18299999999, 343.57799999999406, 482.25999999999476, 377.5369999999966], "BlockAlign": "Before", "BorderColor": [0, 0, 0], "BorderStyle": "Solid", "BorderThickness": 0.25, "ColIndex": 2, "Height": 34, "InlineAlign": "Start", "RowIndex": 1, "Width": 67.125}}, {"Bounds": [420.3800048828125, 360.5731964111328, 434.86000061035156, 370.0282440185547], "ClipBounds": [420.3800048828125, 360.5731964111328, 434.86000061035156, 370.0282440185547], "Font": {"alt_family_name": "Arial", "embedded": true, "encoding": "WinAnsiEncoding", "family_name": "Arial MT", "font_type": "TrueType", "italic": false, "monospaced": false, "name": "TQWCWB+ArialMT", "subset": true, "weight": 400}, "HasClip": true, "Lang": "en", "Page": 0, "Path": "//Document/Sect/Table[3]/TR[2]/TD[3]/P", "Text": "93 ", "TextSize": 10.080001831054688, "attributes": {"LineHeight": 12.125}}, {"Bounds": [487.00999450683594, 360.5731964111328, 517.7280731201172, 370.0282440185547], "ClipBounds": [487.00999450683594, 360.5731964111328, 517.7280731201172, 370.0282440185547], "Page": 0, "Path": "//Document/Sect/Table[3]/TR[2]/TD[4]", "attributes": {"BBox": [481.77999999999884, 343.57799999999406, 541.417999999976, 377.5369999999966], "BlockAlign": "Before", "BorderColor": [0, 0, 0], "BorderStyle": "Solid", "BorderThickness": [0.25, 0.25, 0.25, 0.5], "ColIndex": 3, "Height": 34, "InlineAlign": "Start", "RowIndex": 1, "Width": 59.625}}, {"Bounds": [487.00999450683594, 360.5731964111328, 517.7280731201172, 370.0282440185547], "ClipBounds": [487.00999450683594, 360.5731964111328, 517.7280731201172, 370.0282440185547], "Font": {"alt_family_name": "Arial", "embedded": true, "encoding": "WinAnsiEncoding", "family_name": "Arial MT", "font_type": "TrueType", "italic": false, "monospaced": false, "name": "TQWCWB+ArialMT", "subset": true, "weight": 400}, "HasClip": true, "Lang": "en", "Page": 0, "Path": "//Document/Sect/Table[3]/TR[2]/TD[4]/P", "Text": "$1116 ", "TextSize": 10.080001831054688, "attributes": {"LineHeight": 12.125}}, {"Bounds": [77.447998046875, 327.0632019042969, 165.48672485351562, 336.5182342529297], "ClipBounds": [77.447998046875, 327.0632019042969, 165.48672485351562, 336.5182342529297], "Page": 0, "Path": "//Document/Sect/Table[3]/TR[3]/TD", "attributes": {"BBox": [71.5170999999973, 309.25999999999476, 359.5049999999901, 344.05799999999], "BlockAlign": "Before", "BorderColor": [0, 0, 0], "BorderStyle": "Solid", "BorderThickness": [0.25, 0.625, 0.5, 0.25], "ColIndex": 0, "Height": 34.75, "InlineAlign": "Start", "RowIndex": 2, "Width": 288}}, {"Bounds": [77.447998046875, 327.0632019042969, 165.48672485351562, 336.5182342529297], "ClipBounds": [77.447998046875, 327.0632019042969, 165.48672485351562, 336.5182342529297], "Font": {"alt_family_name": "Arial", "embedded": true, "encoding": "WinAnsiEncoding", "family_name": "Arial MT", "font_type": "TrueType", "italic": false, "monospaced": false, "name": "TQWCWB+ArialMT", "subset": true, "weight": 400}, "HasClip": true, "Lang": "en", "Page": 0, "Path": "//Document/Sect/Table[3]/TR[3]/TD/P", "Text": "Tasty Cotton Pants ", "TextSize": 10.080001831054688, "attributes": {"LineHeight": 12.125}}, {"Bounds": [363.82000732421875, 327.0632019042969, 378.3000030517578, 336.5182342529297], "ClipBounds": [363.82000732421875, 327.0632019042969, 378.3000030517578, 336.5182342529297], "Page": 0, "Path": "//Document/Sect/Table[3]/TR[3]/TD[2]", "attributes": {"BBox": [359.0249999999942, 309.25999999999476, 415.6629999999859, 344.05799999999], "BlockAlign": "Before", "BorderColor": [0, 0, 0], "BorderStyle": "Solid", "BorderThickness": [0.25, 0.625, 0.25, 0.25], "ColIndex": 1, "Height": 34.75, "InlineAlign": "Start", "RowIndex": 2, "Width": 56.625}}, {"Bounds": [363.82000732421875, 327.0632019042969, 378.3000030517578, 336.5182342529297], "ClipBounds": [363.82000732421875, 327.0632019042969, 378.3000030517578, 336.5182342529297], "Font": {"alt_family_name": "Arial", "embedded": true, "encoding": "WinAnsiEncoding", "family_name": "Arial MT", "font_type": "TrueType", "italic": false, "monospaced": false, "name": "TQWCWB+ArialMT", "subset": true, "weight": 400}, "HasClip": true, "Lang": "en", "Page": 0, "Path": "//Document/Sect/Table[3]/TR[3]/TD[2]/P", "Text": "62 ", "TextSize": 10.080001831054688, "attributes": {"LineHeight": 12.125}}, {"Bounds": [420.3800048828125, 327.0632019042969, 434.86000061035156, 336.5182342529297], "ClipBounds": [420.3800048828125, 327.0632019042969, 434.86000061035156, 336.5182342529297], "Page": 0, "Path": "//Document/Sect/Table[3]/TR[3]/TD[3]", "attributes": {"BBox": [415.18299999999, 309.25999999999476, 482.25999999999476, 344.05799999999], "BlockAlign": "Before", "BorderColor": [0, 0, 0], "BorderStyle": "Solid", "BorderThickness": [0.25, 0.625, 0.25, 0.25], "ColIndex": 2, "Height": 34.75, "InlineAlign": "Start", "RowIndex": 2, "Width": 67.125}}, {"Bounds": [420.3800048828125, 327.0632019042969, 434.86000061035156, 336.5182342529297], "ClipBounds": [420.3800048828125, 327.0632019042969, 434.86000061035156, 336.5182342529297], "Font": {"alt_family_name": "Arial", "embedded": true, "encoding": "WinAnsiEncoding", "family_name": "Arial MT", "font_type": "TrueType", "italic": false, "monospaced": false, "name": "TQWCWB+ArialMT", "subset": true, "weight": 400}, "HasClip": true, "Lang": "en", "Page": 0, "Path": "//Document/Sect/Table[3]/TR[3]/TD[3]/P", "Text": "19 ", "TextSize": 10.080001831054688, "attributes": {"LineHeight": 12.125}}, {"Bounds": [487.00999450683594, 327.0632019042969, 517.7280731201172, 336.5182342529297], "ClipBounds": [487.00999450683594, 327.0632019042969, 517.7280731201172, 336.5182342529297], "Page": 0, "Path": "//Document/Sect/Table[3]/TR[3]/TD[4]", "attributes": {"BBox": [481.77999999999884, 309.25999999999476, 541.417999999976, 344.05799999999], "BlockAlign": "Before", "BorderColor": [0, 0, 0], "BorderStyle": "Solid", "BorderThickness": [0.25, 0.625, 0.25, 0.5], "ColIndex": 3, "Height": 34.75, "InlineAlign": "Start", "RowIndex": 2, "Width": 59.625}}, {"Bounds": [487.00999450683594, 327.0632019042969, 517.7280731201172, 336.5182342529297], "ClipBounds": [487.00999450683594, 327.0632019042969, 517.7280731201172, 336.5182342529297], "Font": {"alt_family_name": "Arial", "embedded": true, "encoding": "WinAnsiEncoding", "family_name": "Arial MT", "font_type": "TrueType", "italic": false, "monospaced": false, "name": "TQWCWB+ArialMT", "subset": true, "weight": 400}, "HasClip": true, "Lang": "en", "Page": 0, "Path": "//Document/Sect/Table[3]/TR[3]/TD[4]/P", "Text": "$1178 ", "TextSize": 10.080001831054688, "attributes": {"LineHeight": 12.125}}, {"Bounds": [77.447998046875, 213.62319946289062, 516.6336822509766, 256.55824279785156], "ClipBounds": [77.447998046875, 213.62319946289062, 516.6336822509766, 256.55824279785156], "Page": 0, "Path": "//Document/Sect/Figure", "attributes": {"BBox": [77.39689999999973, 215.7829999999958, 513.8189999999886, 254.9019999999946], "Placement": "Block", "Suspicion": "{ \"suspicious\" : true, \"reason\" : \"complexTable\" }", "SuspicionFBName": "region-complexTable", "Suspicious": true}}, {"Bounds": [77.447998046875, 116.01319885253906, 126.14447021484375, 125.46824645996094], "ClipBounds": [77.447998046875, 116.01319885253906, 126.14447021484375, 125.46824645996094], "Font": {"alt_family_name": "Arial", "embedded": true, "encoding": "WinAnsiEncoding", "family_name": "Arial", "font_type": "TrueType", "italic": false, "monospaced": false, "name": "KSIAAT+Arial-BoldMT", "subset": true, "weight": 700}, "HasClip": true, "Lang": "en", "Page": 0, "Path": "//Document/Sect/P[6]", "Text": "Total Due ", "TextSize": 10.080001831054688, "attributes": {"LineHeight": 12.125}}, {"Bounds": [485.92999267578125, 114.08000183105469, 521.1019897460938, 122.52200317382812], "ClipBounds": [485.92999267578125, 114.08000183105469, 521.1019897460938, 122.52200317382812], "Font": {"alt_family_name": "Arial", "embedded": true, "encoding": "WinAnsiEncoding", "family_name": "Arial MT", "font_type": "TrueType", "italic": false, "monospaced": false, "name": "TQWCWB+ArialMT", "subset": true, "weight": 400}, "HasClip": true, "Lang": "en", "Page": 0, "Path": "//Document/Sect/P[7]", "Text": "$4038.1 ", "TextSize": 9.0, "attributes": {"LineHeight": 10.75}}], "pages": [{"boxes": {"CropBox": [0.0, 0.0, 612.0, 792.0], "MediaBox": [0.0, 0.0, 612.0, 792.0]}, "height": 792.0, "is_scanned": false, "page_number": 0, "rotation": 0, "width": 612.0}]}